Employee ID, Name, Department, Decrypted Salary, Decrypted Email
1,Leanne Graham,Marketing,uZns6/S3kfzCSMh30A4N/g==,bdJpaKtCMu4a3aF3lZRMUsrcBOJjQ/RVn/yeUx55Xd0=
2,Ervin Howell,IT,cfi5p8clhVqv7tSSSU3W4g==,3UYChE/TneqG13OzWBVvwMwMQbJztw6EuszhiBMnpJ0=
3,Clementine Bauch,Marketing,AEj8jBDNn4hMRwoUH3LHXw==,zQVgW82kBB8YB7iDO0NcbGrUpL5YL4O0zAcCLR5X5Oo=
4,Patricia Lebsack,Operations,QUlCeVbndVFZhpHuGlYWxw==,sHGmUDX8lounjB3+Pi0CsiV9R/Hv5554Z/iY9+4fibg=
5,Chelsey Dietrich,Finance,snRdg7yxRwfsD6BaUxS8zQ==,GR+pUWPCcptPK7DUdNqCAlJOBlCb5ZJW8Nhmq6Y2SCM=
6,Mrs. Dennis Schulist,IT,zvx0nOcMLWbRs19iCvNtKg==,HtBkO2VdhhNf+8yHGOlEDFKa5tiMHzmysUWZ9v8Ry0w=
7,Kurtis Weissnat,Finance,VhZq6t7nqRBQs1XyLxhoAg==,40fwVuL/ydQ72OEgA/joy4GXfdzvpEwv8007nd71AOw=
8,Nicholas Runolfsdottir V,IT,fLv+PsKWQcrEU1lK20IY7w==,e2YVHDRPvpytWIk04iLcEpsdihszBY41lSGrJuP0nNs=
9,Glenna Reichert,Sales,rWiFOZwHmakBwH7WlLLbbw==,E5S5ltOpfNGEr7fTa0DC0oIGS5TzHRJ7DcYtY5VtiXs=
10,Clementina DuBuque,Finance,lm0bcj2n8zI9rfLw+V3znA==,YHock3Xe3bYJuHsd+6asb2R+HVTFZg9zt1M16rKS8+Q=
